{"cameraMode":{"drawMode":0,"name":"Shaded","section":"Shading Mode"},"sceneLighting":true,"audioPlay":false,"sceneViewState":{"m_AlwaysRefresh":false,"showFog":true,"showSkybox":true,"showFlares":true,"showImageEffects":true,"showParticleSystems":true,"showVisualEffectGraphs":true,"m_FxEnabled":true},"in2DMode":false,"pivot":{"x":-2.1405372619628908,"y":-1.8423552513122559,"z":-1.841977834701538},"rotation":{"x":-0.18474943935871125,"y":0.3714449107646942,"z":-0.07568245381116867,"w":-0.9067395925521851},"size":3.0959603786468508,"orthographic":true}