{"cameraMode":{"drawMode":0,"name":"Shaded","section":"Shading Mode"},"sceneLighting":true,"audioPlay":false,"sceneViewState":{"showFog":true,"showMaterialUpdate":false,"showSkybox":false,"showFlares":true,"showImageEffects":true,"showParticleSystems":true},"in2DMode":false,"pivot":{"x":1.2312898635864258,"y":3.4800004959106447,"z":0.17750024795532227},"rotation":{"x":-0.010466953739523888,"y":0.9692783355712891,"z":-0.24214571714401246,"w":-0.041898105293512347},"size":17.803125381469728,"orthographic":false}