{"cameraMode":{"drawMode":0,"name":"Shaded","section":"Shading Mode"},"sceneLighting":true,"audioPlay":false,"sceneViewState":{"showFog":true,"showMaterialUpdate":false,"showSkybox":true,"showFlares":true,"showImageEffects":true,"showParticleSystems":true},"in2DMode":false,"pivot":{"x":2.562037229537964,"y":0.7072671055793762,"z":-1.9319226741790772},"rotation":{"x":-0.06187010183930397,"y":0.2086252123117447,"z":-0.013225751928985119,"w":-0.9759471416473389},"size":16.61111831665039,"orthographic":false}