{"cameraMode":{"drawMode":0,"name":"Shaded","section":"Shading Mode"},"sceneLighting":true,"audioPlay":false,"sceneViewState":{"showFog":true,"showMaterialUpdate":false,"showSkybox":true,"showFlares":true,"showImageEffects":true,"showParticleSystems":true},"in2DMode":false,"pivot":{"x":-0.1303882598876953,"y":2.3785061836242677,"z":0.7935721278190613},"rotation":{"x":-0.26491856575012209,"y":0.2940307557582855,"z":-0.08518790453672409,"w":-0.91438889503479},"size":0.8779365420341492,"orthographic":true}