{"cameraMode":{"drawMode":0,"name":"Shaded","section":"Shading Mode"},"sceneLighting":true,"audioPlay":false,"sceneViewState":{"showFog":true,"showMaterialUpdate":false,"showSkybox":true,"showFlares":true,"showImageEffects":true,"showParticleSystems":true},"in2DMode":false,"pivot":{"x":-0.31429219245910647,"y":1.2342368364334107,"z":1.502892017364502},"rotation":{"x":-0.32192492485046389,"y":0.2667405903339386,"z":-0.0950496569275856,"w":-0.903426468372345},"size":3.6073946952819826,"orthographic":false}