{"cameraMode":{"drawMode":0,"name":"Shaded","section":"Shading Mode"},"sceneLighting":false,"audioPlay":false,"sceneViewState":{"showFog":true,"showMaterialUpdate":false,"showSkybox":false,"showFlares":true,"showImageEffects":true,"showParticleSystems":true},"in2DMode":false,"pivot":{"x":3.2799999713897707,"y":4.900000095367432,"z":-6.880000114440918},"rotation":{"x":-0.06386937201023102,"y":0.6297492384910584,"z":-0.05207253247499466,"w":-0.7724151015281677},"size":1.4289418458938599,"orthographic":false}