{"cameraMode":{"drawMode":0,"name":"Shaded","section":"Shading Mode"},"sceneLighting":false,"audioPlay":false,"sceneViewState":{"showFog":true,"showMaterialUpdate":false,"showSkybox":true,"showFlares":true,"showImageEffects":true,"showParticleSystems":true},"in2DMode":false,"pivot":{"x":2.874000072479248,"y":4.53000020980835,"z":-6.188000202178955},"rotation":{"x":-0.06386937201023102,"y":0.6297492384910584,"z":-0.05207253247499466,"w":-0.7724151015281677},"size":12.494739532470704,"orthographic":false}